State,Pollster,End Date,Entry Date/Time (ET),Population,Mode,Pollster URL,Source URL,Partisan,Affiliation,Number of Observations,Clinton,Clinton,Sanders,Sanders,O'Malley,O'Malley
AA,IBD/TIPP,12/4/2015,2015-12-07 2000-01-01 14:56:48 UTC,Registered Voters - Democrat,Live Phone,http://elections.huffingtonpost.com/pollster/polls/ibd-tipp-23266,http://news.investors.com/politics/120715-784022-trump-leads-gop-carson-tied-with-rubio-cruz-ibd-tipp-poll.htm?p=full,Nonpartisan,None,392,Clinton,51,Sanders,33,O'Malley,1
AA,Ipsos/Reuters,12/2/2015,2015-12-03 2000-01-01 17:32:37 UTC,Adults - Democrat,Internet,http://elections.huffingtonpost.com/pollster/polls/ipsos-reuters-23252,http://www.ipsos-na.com/download/pr.aspx?id=15124,Nonpartisan,None,430,Clinton,51,Sanders,36,O'Malley,4
AA,CNN,12/1/2015,2015-12-04 2000-01-01 19:25:19 UTC,Registered Voters - Democrat,Live Phone,http://elections.huffingtonpost.com/pollster/polls/cnn-23260,http://www.cnn.com/2015/12/04/politics/full-results-poll-democrats-2016/index.html,Nonpartisan,None,403,Clinton,58,Sanders,30,O'Malley,2
AA,Quinnipiac,11/30/2015,2015-12-02 2000-01-01 12:04:16 UTC,Registered Voters - Democrat,Live Phone,http://elections.huffingtonpost.com/pollster/polls/quinnipiac-23247,http://www.quinnipiac.edu/news-and-events/quinnipiac-university-poll/national/release-detail?ReleaseID=2307,Nonpartisan,None,573,Clinton,60,Sanders,30,O'Malley,2
AA,Ipsos/Reuters,11/25/2015,2015-11-25 2000-01-01 20:56:33 UTC,Adults - Democrat,Internet,http://elections.huffingtonpost.com/pollster/polls/ipsos-reuters-23238,http://big.assets.huffingtonpost.com/2015ReutersTrackingCorePolitical112515.pdf,Nonpartisan,None,362,Clinton,58,Sanders,30,O'Malley,6
AA,Gravis Marketing/One America News,11/23/2015,2015-11-25 2000-01-01 15:31:26 UTC,Likely Voters - Democrat,Automated Phone,http://elections.huffingtonpost.com/pollster/polls/gravis-marketing-one-america-news-23235,http://www.oann.com/pollnational/,Sponsor,Rep,528,Clinton,59,Sanders,32,O'Malley,8
AA,YouGov/Economist,11/23/2015,2015-11-25 2000-01-01 14:14:12 UTC,Likely Voters - Democrat,Internet,http://elections.huffingtonpost.com/pollster/polls/yougov-economist-23233,https://d25d2506sfb94s.cloudfront.net/cumulus_uploads/document/o77ie8jgv3/econTabReport.pdf,Nonpartisan,None,764,Clinton,54,Sanders,34,O'Malley,4
AA,ABC/Post,11/19/2015,2015-11-22 2000-01-01 15:06:26 UTC,Registered Voters - Democrat,Live Phone,http://elections.huffingtonpost.com/pollster/polls/abc-post-23206,http://apps.washingtonpost.com/g/page/politics/washington-post-abc-news-poll-nov-15-19-2015/1880/,Nonpartisan,None,352,Clinton,60,Sanders,34,O'Malley,3
AA,FOX,11/19/2015,2015-11-22 2000-01-01 15:14:04 UTC,Likely Voters - Democrat,Live Phone,http://elections.huffingtonpost.com/pollster/polls/fox-23207,http://www.foxnews.com/politics/interactive/2015/11/20/fox-news-poll-2016-matchups-syrian-refugees/,Nonpartisan,None,366,Clinton,55,Sanders,32,O'Malley,3
AA,Ipsos/Reuters,11/18/2015,2015-11-19 2000-01-01 18:29:31 UTC,Adults - Democrat,Internet,http://elections.huffingtonpost.com/pollster/polls/ipsos-reuters-23182,http://ipsos-na.com/download/pr.aspx?id=15090,Nonpartisan,None,1275,Clinton,52,Sanders,31,O'Malley,4
AA,PPP (D),11/17/2015,2015-11-19 2000-01-01 15:02:32 UTC,Likely Voters - Democrat,IVR/Online,http://elections.huffingtonpost.com/pollster/polls/ppp-d-23174,http://www.publicpolicypolling.com/pdf/2015/PPP_Release_National_111915.pdf,Pollster,Dem,538,Clinton,59,Sanders,26,O'Malley,7
AA,Bloomberg/Selzer,11/17/2015,2015-11-20 2000-01-01 14:05:32 UTC,Registered Voters - Democrat,Live Phone,http://elections.huffingtonpost.com/pollster/polls/bloomberg-selzer-23194,http://www.scribd.com/doc/290424533/Bloomberg-Politics-national-poll-Nov-20-2015,Nonpartisan,None,385,Clinton,55,Sanders,30,O'Malley,3
AA,NBC/SurveyMonkey,11/17/2015,2015-11-20 2000-01-01 14:17:19 UTC,Registered Voters - Democrat,Internet,http://elections.huffingtonpost.com/pollster/polls/nbc-surveymonkey-23196,http://www.nbcnews.com/politics/2016-election/poll-hillary-clinton-holds-steady-support-among-democrats-n466641,Nonpartisan,None,1983,Clinton,49,Sanders,33,O'Malley,1
AA,Morning Consult,11/16/2015,2015-11-17 2000-01-01 15:45:58 UTC,Registered Voters - Democrat,Internet,http://elections.huffingtonpost.com/pollster/polls/morning-consult-23158,http://morningconsult.com/wp-content/uploads/2015/11/MC-Tracking-Poll-Toplines-November-13-16-2015.pdf,Nonpartisan,None,874,Clinton,57,Sanders,26,O'Malley,2
AA,Ipsos/Reuters,11/11/2015,2015-11-17 2000-01-01 21:36:06 UTC,Adults - Democrat,Internet,http://elections.huffingtonpost.com/pollster/polls/ipsos-reuters-23166,http://www.ipsos-na.com/download/pr.aspx?id=15085,Nonpartisan,None,609,Clinton,51,Sanders,35,O'Malley,3
AA,Public Religion Research Institute,11/10/2015,2015-11-23 2000-01-01 16:21:55 UTC,Likely Voters - Democrat,Live Phone,http://elections.huffingtonpost.com/pollster/polls/public-religion-research-institute-23214,http://big.assets.huffingtonpost.com/AVS-2015-Election-Supplement-Topline.pdf,Nonpartisan,None,145,Clinton,62,Sanders,29,O'Malley,2
AA,CBS/Times,11/10/2015,2015-11-12 2000-01-01 14:44:59 UTC,Likely Voters - Democrat,Live Phone,http://elections.huffingtonpost.com/pollster/polls/cbs-times-23120,http://www.nytimes.com/politics/first-draft/2015/11/12/poll-shows-hillary-clinton-maintaining-lead-over-sanders/,Nonpartisan,None,418,Clinton,52,Sanders,33,O'Malley,5
AA,YouGov/Economist,11/9/2015,2015-11-10 2000-01-01 19:09:31 UTC,Registered Voters - Democrat,Internet,http://elections.huffingtonpost.com/pollster/polls/yougov-economist-23108,https://d25d2506sfb94s.cloudfront.net/cumulus_uploads/document/1hhz66took/econToplines.pdf,Nonpartisan,None,658,Clinton,59,Sanders,31,O'Malley,2
AA,Morning Consult,11/8/2015,2015-11-10 2000-01-01 17:55:28 UTC,Registered Voters - Democrat,Internet,http://elections.huffingtonpost.com/pollster/polls/morning-consult-23107,http://big.assets.huffingtonpost.com/151102toplinesmorningconsult.pdf,Nonpartisan,None,1739,Clinton,54,Sanders,28,O'Malley,3
AA,Ipsos/Reuters,11/4/2015,2015-11-05 2000-01-01 18:36:49 UTC,Adults - Democrat,Internet,http://elections.huffingtonpost.com/pollster/polls/ipsos-reuters-23076,http://www.ipsos-na.com/download/pr.aspx?id=15026,Nonpartisan,None,629,Clinton,57,Sanders,28,O'Malley,6
AA,McClatchy/Marist,11/4/2015,2015-11-13 2000-01-01 21:32:48 UTC,Registered Voters - Democrat,Live Phone,http://elections.huffingtonpost.com/pollster/polls/mcclatchy-marist-23138,http://maristpoll.marist.edu/wp-content/misc/usapolls/us151029/DEMS_2016/McClatchy_Marist%20Poll_DEM%20Primary%202016_Survey%20Findings_Nature%20of%20the%20Sample%20and%20Tables_November%202015.pdf,Nonpartisan,None,511,Clinton,57,Sanders,35,O'Malley,4
AA,FOX,11/3/2015,2015-11-04 2000-01-01 23:23:33 UTC,Likely Voters - Democrat,Live Phone,http://elections.huffingtonpost.com/pollster/polls/fox-23061,http://www.foxnews.com/politics/interactive/2015/10/13/fox-news-poll-biden-more-electable-than-clinton/,Nonpartisan,None,505,Clinton,56,Sanders,31,O'Malley,2
AA,USC/LA Times/SurveyMonkey,11/3/2015,2015-11-09 2000-01-01 16:34:14 UTC,Registered Voters - Democrat,Internet,http://elections.huffingtonpost.com/pollster/polls/usc-la-times-surveymonkey-23085,http://dornsife.usc.edu/usc-dornsife-los-angeles-times-poll/,Nonpartisan,None,1242,Clinton,48,Sanders,28,O'Malley,2
AA,Quinnipiac,11/2/2015,2015-11-04 2000-01-01 16:23:42 UTC,Registered Voters - Democrat,Live Phone,http://elections.huffingtonpost.com/pollster/polls/quinnipiac-23059,http://www.quinnipiac.edu/news-and-events/quinnipiac-university-poll/national/release-detail?ReleaseID=2299,Nonpartisan,None,480,Clinton,53,Sanders,35,O'Malley,0
AA,Morning Consult,11/1/2015,2015-11-03 2000-01-01 20:26:04 UTC,Registered Voters - Democrat,Internet,http://elections.huffingtonpost.com/pollster/polls/morning-consult-23056,http://morningconsult.com/polls/new-poll-jeb-bushs-popularity-problem-trump-down-for-second-consecutive-week/,Nonpartisan,None,1015,Clinton,56,Sanders,26,O'Malley,2
AA,NBC/SurveyMonkey,10/29/2015,2015-10-30 2000-01-01 17:13:59 UTC,Registered Voters - Democrat,Internet,http://elections.huffingtonpost.com/pollster/polls/nbc-surveymonkey-23030,http://www.scribd.com/doc/287908155/Toplines-Questions-1,Nonpartisan,None,1226,Clinton,50,Sanders,30,O'Malley,1
AA,NBC/WSJ,10/29/2015,2015-11-03 2000-01-01 16:49:49 UTC,Likely Voters - Democrat,Live Phone,http://elections.huffingtonpost.com/pollster/polls/nbc-wsj-23052,http://msnbcmedia.msn.com/i/MSNBC/Sections/A_Politics/15463%20NBCWSJ%20Late%20October%20Poll%2011-3-15%20Release.pdf,Nonpartisan,None,400,Clinton,62,Sanders,31,O'Malley,3
AA,IBD/TIPP,10/29/2015,2015-10-31 2000-01-01 23:04:27 UTC,Registered Voters - Democrat,Live Phone,http://elections.huffingtonpost.com/pollster/polls/ibd-tipp-23039,http://news.investors.com/ibd-editorials-polls/103015-778378-donald-trump-leads-ben-carson-second-in-ibd-tipp-poll.htm,Nonpartisan,None,356,Clinton,48,Sanders,33,O'Malley,2
AA,Ipsos/Reuters,10/28/2015,2015-10-29 2000-01-01 16:44:01 UTC,Adults - Democrat,Internet,http://elections.huffingtonpost.com/pollster/polls/ipsos-reuters-23026,http://www.ipsos-na.com/download/pr.aspx?id=15018,Nonpartisan,None,676,Clinton,53,Sanders,33,O'Malley,2
AA,YouGov/Economist,10/27/2015,2015-10-28 2000-01-01 18:21:17 UTC,Registered Voters - Democrat,Internet,http://elections.huffingtonpost.com/pollster/polls/yougov-economist-23013,https://d25d2506sfb94s.cloudfront.net/cumulus_uploads/document/uobybjo8zg/econToplines.pdf,Nonpartisan,None,654,Clinton,61,Sanders,29,O'Malley,2
AA,Gravis Marketing/One America News,10/26/2015,2015-10-27 2000-01-01 22:23:40 UTC,Registered Voters - Democrat,Automated Phone,http://elections.huffingtonpost.com/pollster/polls/gravis-marketing-one-america-news-23005,http://www.oann.com/pollnational/,Sponsor,Rep,1037,Clinton,58,Sanders,16,O'Malley,3
AA,Morning Consult,10/25/2015,2015-10-26 2000-01-01 21:12:38 UTC,Registered Voters - Democrat,Internet,http://elections.huffingtonpost.com/pollster/polls/morning-consult-22994,http://morningconsult.com/wp-content/uploads/2015/10/151006_topline_trend_v2_AP.pdf,Nonpartisan,None,688,Clinton,53,Sanders,26,O'Malley,5
AA,Ipsos/Reuters,10/21/2015,2015-10-23 2000-01-01 17:26:32 UTC,Adults - Democrat,Internet,http://elections.huffingtonpost.com/pollster/polls/ipsos-reuters-22974,http://www.ipsos-na.com/news-polls/pressrelease.aspx?id=7015,Nonpartisan,None,873,Clinton,45,Sanders,29,O'Malley,1
AA,Morning Consult,10/19/2015,2015-10-20 2000-01-01 17:31:31 UTC,Registered Voters - Democrat,Internet,http://elections.huffingtonpost.com/pollster/polls/morning-consult-22950,http://morningconsult.com/wp-content/uploads/2015/10/151005_topline_trend_v2_TS.pdf,Nonpartisan,None,895,Clinton,56,Sanders,24,O'Malley,1
AA,ABC/Post,10/18/2015,2015-10-20 2000-01-01 14:01:48 UTC,Registered Voters - Democrat,Live Phone,http://elections.huffingtonpost.com/pollster/polls/abc-post-22942,http://apps.washingtonpost.com/g/page/politics/washington-post-abc-news-poll-oct-15-18-2015/1852/,Nonpartisan,None,444,Clinton,54,Sanders,23,O'Malley,1
AA,Monmouth University,10/18/2015,2015-10-19 2000-01-01 16:48:54 UTC,Registered Voters - Democrat,Live Phone,http://elections.huffingtonpost.com/pollster/polls/monmouth-university-22939,http://www.monmouth.edu/assets/0/32212254770/32212254991/32212254992/32212254994/32212254995/30064771087/4f03d197-5cae-42a6-b47a-0c1a4aeb7b6f.pdf,Nonpartisan,None,340,Clinton,48,Sanders,21,O'Malley,1
AA,NBC/WSJ,10/18/2015,2015-10-20 2000-01-01 13:55:51 UTC,Likely Voters - Democrat,Live Phone,http://elections.huffingtonpost.com/pollster/polls/nbc-wsj-22941,http://www.scribd.com/doc/286132150/15462-NBCWSJ-Oct-Poll-Final,Nonpartisan,None,400,Clinton,49,Sanders,29,O'Malley,1
AA,Emerson College Polling Society,10/17/2015,2015-10-20 2000-01-01 18:55:01 UTC,Likely Voters - Democrat,Automated Phone,http://elections.huffingtonpost.com/pollster/polls/emerson-college-polling-society-22951,http://big.assets.huffingtonpost.com/ECPS_POTUS_10.19.pdf,Nonpartisan,None,390,Clinton,68,Sanders,20,O'Malley,3
AA,CNN,10/17/2015,2015-10-19 2000-01-01 13:51:22 UTC,Registered Voters - Democrat,Live Phone,http://elections.huffingtonpost.com/pollster/polls/cnn-22934,http://www.cnn.com/2015/10/19/politics/cnn-orc-poll-hillary-clinton-bernie-sanders-democratic-debate/index.html,Nonpartisan,None,425,Clinton,45,Sanders,29,O'Malley,0
AA,NBC/SurveyMonkey,10/15/2015,2015-10-16 2000-01-01 20:53:14 UTC,Registered Voters - Democrat,Internet,http://elections.huffingtonpost.com/pollster/polls/nbc-surveymonkey-22931,http://www.scribd.com/doc/285396771/NBC-SurveyMonkey-ToplinesMethod10-15,Nonpartisan,None,1857,Clinton,45,Sanders,31,O'Malley,1
AA,Ipsos/Reuters,10/14/2015,2015-10-16 2000-01-01 21:05:43 UTC,Adults - Democrat,Internet,http://elections.huffingtonpost.com/pollster/polls/ipsos-reuters-22933,http://ipsos-na.com/news-polls/pressrelease.aspx?id=7027,Nonpartisan,None,530,Clinton,51,Sanders,24,O'Malley,2
AA,FOX,10/12/2015,2015-10-13 2000-01-01 16:22:25 UTC,Likely Voters - Democrat,Live Phone,http://elections.huffingtonpost.com/pollster/polls/fox-22904,http://www.foxnews.com/politics/interactive/2015/10/13/fox-news-poll-biden-more-electable-than-clinton/,Nonpartisan,None,353,Clinton,45,Sanders,25,O'Malley,1
AA,Morning Consult,10/12/2015,2015-10-13 2000-01-01 15:48:47 UTC,Registered Voters - Democrat,Internet,http://elections.huffingtonpost.com/pollster/polls/morning-consult-22902,http://morningconsult.com/2015/10/ahead-of-debate-clinton-lead-grows/,Nonpartisan,None,826,Clinton,54,Sanders,22,O'Malley,1
AA,YouGov/Economist,10/12/2015,2015-10-14 2000-01-01 21:28:25 UTC,Registered Voters - Democrat,Internet,http://elections.huffingtonpost.com/pollster/polls/yougov-economist-22919,https://today.yougov.com/news/2015/10/14/whats-happened-jeb-bush/,Nonpartisan,None,633,Clinton,48,Sanders,23,O'Malley,2
AA,CBS,10/8/2015,2015-10-12 2000-01-01 15:48:21 UTC,Registered Voters - Democrat,Live Phone,http://elections.huffingtonpost.com/pollster/polls/cbs-22888,http://www.scribd.com/doc/284425884/CBS-News-poll-2016-Democratic-presidential-campaign,Nonpartisan,None,311,Clinton,46,Sanders,27,O'Malley,0
AA,Ipsos/Reuters,10/7/2015,2015-10-08 2000-01-01 14:41:05 UTC,Adults - Democrat,Internet,http://elections.huffingtonpost.com/pollster/polls/ipsos-reuters-22871,http://ipsos-na.com/download/pr.aspx?id=14945,Nonpartisan,None,640,Clinton,44,Sanders,27,O'Malley,2
AA,Morning Consult,10/5/2015,2015-10-06 2000-01-01 21:34:11 UTC,Registered Voters - Democrat,Internet,http://elections.huffingtonpost.com/pollster/polls/morning-consult-22858,http://morningconsult.com/wp-content/uploads/2015/10/151001_topline_trend_v1_AP.pdf,Nonpartisan,None,827,Clinton,48,Sanders,27,O'Malley,1
AA,Fairleigh Dickinson,10/5/2015,2015-10-08 2000-01-01 22:22:35 UTC,Registered Voters - Democrat,Live Phone,http://elections.huffingtonpost.com/pollster/polls/fairleigh-dickinson-22878,http://view2.fdu.edu/publicmind/2015/151008/,Nonpartisan,None,339,Clinton,45,Sanders,23,O'Malley,1
AA,PPP (D),10/4/2015,2015-10-06 2000-01-01 15:30:32 UTC,Likely Voters - Democrat,IVR/Online,http://elections.huffingtonpost.com/pollster/polls/ppp-d-22854,http://www.publicpolicypolling.com/pdf/2015/PPP_Release_NationalDems_100615.pdf,Pollster,Dem,551,Clinton,42,Sanders,24,O'Malley,1
AA,Public Religion Research Institute,10/4/2015,2015-11-23 2000-01-01 17:38:53 UTC,Likely Voters - Democrat,Live Phone,http://elections.huffingtonpost.com/pollster/polls/public-religion-research-institute-23215,http://big.assets.huffingtonpost.com/American-Values-Survey-2015-Topline1.pdf,Nonpartisan,None,388,Clinton,55,Sanders,17,O'Malley,0
AA,Gravis Marketing/One America News,10/1/2015,2015-10-07 2000-01-01 17:07:13 UTC,Likely Voters - Democrat,Automated Phone,http://elections.huffingtonpost.com/pollster/polls/gravis-marketing-one-america-news-22863,http://www.prnewswire.com/news-releases/trump-dominates-one-america-news-networks-national-poll-300153522.html,Sponsor,Rep,1021,Clinton,44,Sanders,25,O'Malley,2
AA,IBD/TIPP,10/1/2015,2015-10-05 2000-01-01 15:55:07 UTC,Registered Voters - Democrat,Live Phone,http://elections.huffingtonpost.com/pollster/polls/ibd-tipp-22844,http://news.investors.com/ibd-editorials-polls/100215-773897-donald-trump-trails-ben-carson-in-ibd-tipp-poll.htm?ref=HPLNewshttp://news.investors.com/ibd-editorials-polls/100215-773897-donald-trump-trails-ben-carson-in-ibd-tipp-poll.htm?ref=HPLNews,Nonpartisan,None,344,Clinton,42,Sanders,18,O'Malley,
AA,Ipsos/Reuters,9/30/2015,2015-10-02 2000-01-01 16:48:00 UTC,Adults - Democrat,Internet,http://elections.huffingtonpost.com/pollster/polls/ipsos-reuters-22834,http://ipsos-na.com/download/pr.aspx?id=14934,Nonpartisan,None,511,Clinton,46,Sanders,25,O'Malley,1
AA,YouGov/Economist,9/29/2015,2015-10-01 2000-01-01 18:09:28 UTC,Registered Voters - Democrat,Internet,http://elections.huffingtonpost.com/pollster/polls/yougov-economist-22830,http://d25d2506sfb94s.cloudfront.net/cumulus_uploads/document/8w1iq3dtp2/econToplines.pdf,Nonpartisan,None,636,Clinton,48,Sanders,25,O'Malley,2
AA,Suffolk/USA Today,9/28/2015,2015-09-30 2000-01-01 16:27:03 UTC,Likely Voters - Democrat,Live Phone,http://elections.huffingtonpost.com/pollster/polls/suffolk-usa-today-22822,http://www.suffolk.edu/documents/SUPRC/10_1_2015_complete_marginals.pdf,Nonpartisan,None,430,Clinton,41,Sanders,23,O'Malley,0
AA,Morning Consult,9/27/2015,2015-09-29 2000-01-01 19:40:45 UTC,Registered Voters - Democrat,Internet,http://elections.huffingtonpost.com/pollster/polls/morning-consult-22813,http://morningconsult.com/2015/09/poll-biden-broadly-favorable-but-clinton-still-leads/,Nonpartisan,None,643,Clinton,44,Sanders,23,O'Malley,0
AA,NBC/WSJ,9/24/2015,2015-09-28 2000-01-01 15:55:22 UTC,Likely Voters - Democrat,Live Phone,http://elections.huffingtonpost.com/pollster/polls/nbc-wsj-22803,http://www.nbcnews.com/meet-the-press/nbc-wsj-poll-2016-gop-race-n433991,Nonpartisan,None,256,Clinton,42,Sanders,35,O'Malley,0
AA,Ipsos/Reuters,9/23/2015,2015-09-25 2000-01-01 21:18:59 UTC,Adults - Democrat,Internet,http://elections.huffingtonpost.com/pollster/polls/ipsos-reuters-22797,http://www.ipsos-na.com/download/pr.aspx?id=14901,Nonpartisan,None,608,Clinton,40,Sanders,30,O'Malley,2
AA,FOX,9/22/2015,2015-09-24 2000-01-01 22:22:11 UTC,Likely Voters - Democrat,Live Phone,http://elections.huffingtonpost.com/pollster/polls/fox-22789,http://www.foxnews.com/politics/interactive/2015/09/24/fox-news-poll-voters-believe-iran-deal-to-make-us-less-safe-obama-job-approval/,Nonpartisan,None,381,Clinton,44,Sanders,30,O'Malley,2
AA,Bloomberg/Selzer,9/21/2015,2015-09-23 2000-01-01 20:05:17 UTC,Registered Voters - Democrat,Live Phone,http://elections.huffingtonpost.com/pollster/polls/bloomberg-selzer-22782,http://images.businessweek.com/cms/2015-09-22/150923_wednesday_2121165.pdf,Nonpartisan,None,375,Clinton,33,Sanders,24,O'Malley,1
AA,Quinnipiac,9/21/2015,2015-09-24 2000-01-01 22:15:01 UTC,Registered Voters - Democrat,Live Phone,http://elections.huffingtonpost.com/pollster/polls/quinnipiac-22788,http://www.quinnipiac.edu/images/polling/us/us09242015_ui47mfb.pdf,Nonpartisan,None,587,Clinton,43,Sanders,25,O'Malley,0
AA,Morning Consult,9/20/2015,2015-09-22 2000-01-01 17:53:47 UTC,Registered Voters - Democrat,Internet,http://elections.huffingtonpost.com/pollster/polls/morning-consult-22771,http://morningconsult.com/wp-content/uploads/2015/09/150907_topline_MERGED-trend_v2_KD.pdf,Nonpartisan,None,1761,Clinton,49,Sanders,28,O'Malley,2
AA,Zogby (Internet),9/19/2015,2015-09-24 2000-01-01 00:35:58 UTC,Likely Voters - Democrat,Internet,http://elections.huffingtonpost.com/pollster/polls/zogby-internet-22785,http://www.zogbyanalytics.com/news/650-hillary-dominates-the-democratic-field-with-biden-in-or-out,Nonpartisan,None,515,Clinton,52,Sanders,24,O'Malley,3
AA,CNN,9/19/2015,2015-09-21 2000-01-01 19:11:48 UTC,Registered Voters - Democrat,Live Phone,http://elections.huffingtonpost.com/pollster/polls/cnn-22760,http://i2.cdn.turner.com/cnn/2015/images/09/20/dempoll.pdf,Nonpartisan,None,329,Clinton,42,Sanders,24,O'Malley,1
AA,NBC/SurveyMonkey,9/18/2015,2015-09-22 2000-01-01 05:54:00 UTC,Registered Voters - Democrat,Internet,http://elections.huffingtonpost.com/pollster/polls/nbc-surveymonkey-22767,http://msnbcmedia.msn.com/i/MSNBC/Sections/A_Politics/NBC-SM_ToplinesMethodDEMs9%2021%20(2).pdf,Nonpartisan,None,1774,Clinton,41,Sanders,29,O'Malley,1
AA,Ipsos/Reuters,9/16/2015,2015-09-18 2000-01-01 19:33:27 UTC,Adults - Democrat,Internet,http://elections.huffingtonpost.com/pollster/polls/ipsos-reuters-22748,http://www.ipsos-na.com/download/pr.aspx?id=14883,Nonpartisan,None,642,Clinton,46,Sanders,25,O'Malley,0
AA,YouGov/Economist,9/15/2015,2015-09-18 2000-01-01 04:06:51 UTC,Registered Voters - Democrat,Internet,http://elections.huffingtonpost.com/pollster/polls/yougov-economist-22742,https://d25d2506sfb94s.cloudfront.net/cumulus_uploads/document/lq8iyjss0l/econToplines_v1.pdf,Nonpartisan,None,651,Clinton,45,Sanders,26,O'Malley,1
AA,Morning Consult,9/13/2015,2015-09-18 2000-01-01 03:24:39 UTC,Registered Voters - Democrat,Internet,http://elections.huffingtonpost.com/pollster/polls/morning-consult-22738,http://morningconsult.com/wp-content/uploads/2015/09/150904_topline_trend_v1_JW.pdf,Nonpartisan,None,955,Clinton,54,Sanders,24,O'Malley,2
AA,CBS/Times,9/13/2015,2015-09-18 2000-01-01 03:06:54 UTC,Likely Voters - Democrat,Live Phone,http://elections.huffingtonpost.com/pollster/polls/cbs-times-22736,http://www.cbsnews.com/news/hillary-clintons-lead-over-bernie-sanders-cut-by-half-in-national-poll/,Nonpartisan,None,351,Clinton,47,Sanders,27,O'Malley,0
AA,ABC/Post,9/10/2015,2015-09-14 2000-01-01 20:25:47 UTC,Registered Voters - Democrat,Live Phone,http://elections.huffingtonpost.com/pollster/polls/abc-post-22723,http://www.washingtonpost.com/page/2010-2019/WashingtonPost/2015/09/14/National-Politics/Polling/release_409.xml?uuid=QelAQFqVEeWEdXgcyYUWUg,Nonpartisan,None,356,Clinton,42,Sanders,24,O'Malley,2
AA,Ipsos/Reuters,9/9/2015,2015-09-11 2000-01-01 20:35:48 UTC,Adults - Democrat,Internet,http://elections.huffingtonpost.com/pollster/polls/ipsos-reuters-22709,http://www.ipsos-na.com/news-polls/pressrelease.aspx?id=6984,Nonpartisan,None,625,Clinton,42,Sanders,28,O'Malley,3
AA,Emerson College Polling Society,9/8/2015,2015-09-10 2000-01-01 18:55:35 UTC,Likely Voters - Democrat,Automated Phone,http://elections.huffingtonpost.com/pollster/polls/emerson-college-polling-society-22699,http://media.wix.com/ugd/3bebb2_539dbddeed944868b6fc58b193873b4b.pdf,Nonpartisan,None,392,Clinton,48,Sanders,21,O'Malley,1
AA,CNN,9/8/2015,2015-09-11 2000-01-01 06:14:40 UTC,Registered Voters - Democrat,Live Phone,http://elections.huffingtonpost.com/pollster/polls/cnn-22704,http://i2.cdn.turner.com/cnn/2015/images/09/10/demsclinton.pdf,Nonpartisan,None,395,Clinton,37,Sanders,27,O'Malley,3
AA,Morning Consult,9/7/2015,2015-09-11 2000-01-01 01:23:37 UTC,Registered Voters - Democrat,Internet,http://elections.huffingtonpost.com/pollster/polls/morning-consult-22702,http://morningconsult.com/2015/09/poll-carson-sprints-to-second-as-trumps-lead-softens/,Nonpartisan,None,893,Clinton,51,Sanders,27,O'Malley,1
AA,Monmouth University,9/2/2015,2015-09-08 2000-01-01 21:05:33 UTC,Registered Voters - Democrat,Live Phone,http://elections.huffingtonpost.com/pollster/polls/monmouth-university-22682,http://www.monmouth.edu/assets/0/32212254770/32212254991/32212254992/32212254994/32212254995/30064771087/a35d9ff8-45d4-476d-8751-f0f2e6b54a7b.pdf,Nonpartisan,None,339,Clinton,42,Sanders,20,O'Malley,1
AA,Ipsos/Reuters,9/2/2015,2015-09-05 2000-01-01 01:01:15 UTC,Adults - Democrat,Internet,http://elections.huffingtonpost.com/pollster/polls/ipsos-reuters-22681,http://big.assets.huffingtonpost.com/2015ReutersTrackingCorePolitical9.02.15.pdf,Nonpartisan,None,606,Clinton,44,Sanders,24,O'Malley,0
AA,YouGov/Economist,9/1/2015,2015-09-04 2000-01-01 00:23:18 UTC,Registered Voters - Democrat,Internet,http://elections.huffingtonpost.com/pollster/polls/yougov-economist-22658,https://d25d2506sfb94s.cloudfront.net/cumulus_uploads/document/i2pntevdjk/econToplines.pdf,Nonpartisan,None,647,Clinton,44,Sanders,25,O'Malley,2
AA,Morning Consult,8/30/2015,2015-09-01 2000-01-01 01:13:04 UTC,Registered Voters - Democrat,Internet,http://elections.huffingtonpost.com/pollster/polls/morning-consult-22639,http://morningconsult.com/2015/08/trump-clinton-lead-primary-matchups-bush-ties-carson-for-runner-up/,Nonpartisan,None,913,Clinton,52,Sanders,23,O'Malley,1
AA,PPP (D),8/30/2015,2015-09-01 2000-01-01 18:55:29 UTC,Likely Voters - Democrat,IVR/Online,http://elections.huffingtonpost.com/pollster/polls/ppp-d-22644,http://www.publicpolicypolling.com/pdf/2015/PPP_Release_National_90115.pdf,Pollster,Dem,545,Clinton,55,Sanders,20,O'Malley,4
AA,Ipsos/Reuters,8/26/2015,2015-08-28 2000-01-01 22:44:47 UTC,Adults - Democrat,Internet,http://elections.huffingtonpost.com/pollster/polls/ipsos-reuters-22625,http://www.ipsos-na.com/news-polls/pressrelease.aspx?id=6965,Nonpartisan,None,452,Clinton,48,Sanders,22,O'Malley,1
AA,Quinnipiac,8/25/2015,2015-08-27 2000-01-01 20:23:23 UTC,Registered Voters - Democrat,Live Phone,http://elections.huffingtonpost.com/pollster/polls/quinnipiac-22620,http://www.quinnipiac.edu/news-and-events/quinnipiac-university-poll/national/release-detail?ReleaseID=2274,Nonpartisan,None,647,Clinton,45,Sanders,22,O'Malley,1
AA,Gravis Marketing/One America News,8/22/2015,2015-08-28 2000-01-01 01:14:31 UTC,Likely Voters - Democrat,Automated Phone,http://elections.huffingtonpost.com/pollster/polls/gravis-marketing-one-america-news-22623,http://www.oann.com/trump-breaks-new-ceiling-in-national-gop-poll/,Sponsor,Rep,1266,Clinton,54,Sanders,21,O'Malley,2
AA,Ipsos/Reuters,8/19/2015,2015-08-22 2000-01-01 01:07:31 UTC,Adults - Democrat,Internet,http://elections.huffingtonpost.com/pollster/polls/ipsos-reuters-22595,http://www.ipsos-na.com/news-polls/pressrelease.aspx?id=6956,Nonpartisan,None,356,Clinton,47,Sanders,23,O'Malley,1
AA,YouGov/Economist,8/18/2015,2015-08-24 2000-01-01 22:00:52 UTC,Registered Voters - Democrat,Internet,http://elections.huffingtonpost.com/pollster/polls/yougov-economist-22601,https://d25d2506sfb94s.cloudfront.net/cumulus_uploads/document/zvg9hui4lt/econToplines.pdf,Nonpartisan,None,676,Clinton,47,Sanders,26,O'Malley,1
AA,Morning Consult,8/16/2015,2015-08-17 2000-01-01 21:24:54 UTC,Registered Voters - Democrat,Internet,http://elections.huffingtonpost.com/pollster/polls/morning-consult-22565,http://morningconsult.com/2015/08/clintons-lead-slips-as-voters-question-email-server-explanations/,Nonpartisan,None,884,Clinton,50,Sanders,24,O'Malley,3
AA,CNN,8/16/2015,2015-08-19 2000-01-01 18:29:16 UTC,Registered Voters - Democrat,Live Phone,http://elections.huffingtonpost.com/pollster/polls/cnn-22576,http://i2.cdn.turner.com/cnn/2015/images/08/18/rel8b.-.democrats.2016.pdf,Nonpartisan,None,358,Clinton,47,Sanders,29,O'Malley,2
AA,FOX,8/13/2015,2015-08-17 2000-01-01 19:09:50 UTC,Likely Voters - Democrat,Live Phone,http://elections.huffingtonpost.com/pollster/polls/fox-22562,http://www.foxnews.com/politics/interactive/2015/08/14/fox-news-poll-sanders-gains-on-clinton/,Nonpartisan,None,401,Clinton,49,Sanders,30,O'Malley,1
AA,Ipsos/Reuters,8/12/2015,2015-08-14 2000-01-01 21:17:02 UTC,Adults - Democrat,Internet,http://elections.huffingtonpost.com/pollster/polls/ipsos-reuters-22559,http://www.ipsos-na.com/download/pr.aspx?id=14767,Nonpartisan,None,520,Clinton,55,Sanders,18,O'Malley,2
AA,Morning Consult,8/9/2015,2015-08-10 2000-01-01 21:38:34 UTC,Registered Voters - Democrat,Internet,http://elections.huffingtonpost.com/pollster/polls/morning-consult-22526,http://big.assets.huffingtonpost.com/150802_topline_trend_v4_KD.pdf,Nonpartisan,None,896,Clinton,56,Sanders,19,O'Malley,4
AA,Ipsos/Reuters,8/5/2015,2015-08-07 2000-01-01 01:31:53 UTC,Adults - Democrat,Internet,http://elections.huffingtonpost.com/pollster/polls/ipsos-reuters-22515,http://ipsos-na.com/news-polls/pressrelease.aspx?id=6931,Nonpartisan,None,409,Clinton,52,Sanders,17,O'Malley,1
AA,Zogby (Internet)/ University of Akron,8/4/2015,2015-08-06 2000-01-01 21:06:17 UTC,Likely Voters - Democrat,Internet,http://elections.huffingtonpost.com/pollster/polls/zogby-internet-university-of-akron-22501,http://big.assets.huffingtonpost.com/ZogbyDemPrimary080415.pdf,Nonpartisan,None,459,Clinton,48,Sanders,15,O'Malley,3
AA,YouGov/Economist,8/4/2015,2015-08-07 2000-01-01 21:46:40 UTC,Registered Voters - Democrat,Internet,http://elections.huffingtonpost.com/pollster/polls/yougov-economist-22516,https://today.yougov.com/news/2015/08/05/gop-debate-trumps-moment/,Nonpartisan,None,635,Clinton,51,Sanders,21,O'Malley,1
AA,Morning Consult,8/3/2015,2015-08-05 2000-01-01 01:23:17 UTC,Registered Voters - Democrat,Internet,http://elections.huffingtonpost.com/pollster/polls/morning-consult-22487,http://big.assets.huffingtonpost.com/150706_crosstabs_trend_v1_JW.pdf,Nonpartisan,None,860,Clinton,60,Sanders,16,O'Malley,2
AA,FOX,8/2/2015,2015-08-04 2000-01-01 02:31:58 UTC,Likely Voters - Democrat,Live Phone,http://elections.huffingtonpost.com/pollster/polls/fox-22473,http://www.foxnews.com/politics/interactive/2015/08/03/poll-new-high-for-trump-new-low-for-clinton/,Nonpartisan,None,499,Clinton,51,Sanders,22,O'Malley,1
AA,Monmouth University,8/2/2015,2015-08-05 2000-01-01 19:27:53 UTC,Registered Voters - Democrat,Live Phone,http://elections.huffingtonpost.com/pollster/polls/monmouth-university-22491,http://www.monmouth.edu/assets/0/32212254770/32212254991/32212254992/32212254994/32212254995/30064771087/b22fd0c3-5562-4e9d-99ae-680cd35121bb.pdf,Nonpartisan,None,429,Clinton,52,Sanders,16,O'Malley,2
AA,CBS,8/2/2015,2015-08-06 2000-01-01 01:01:56 UTC,Likely Voters - Democrat,Live Phone,http://elections.huffingtonpost.com/pollster/polls/cbs-22498,http://www.scribd.com/doc/273549998/Topline-CBS-Dems-8-4-15-Poll-1,Nonpartisan,None,362,Clinton,58,Sanders,17,O'Malley,1
AA,NBC/WSJ,7/30/2015,2015-08-03 2000-01-01 01:44:59 UTC,Likely Voters - Democrat,Live Phone,http://elections.huffingtonpost.com/pollster/polls/nbc-wsj-22460,http://msnbcmedia.msn.com/i/MSNBC/Components/Photo/_new/15313JulyNBCWSJPOLL.pdf,Nonpartisan,None,252,Clinton,59,Sanders,25,O'Malley,3
AA,Gravis Marketing/One America News,7/29/2015,2015-08-05 2000-01-01 22:47:03 UTC,Likely Voters - Democrat,Automated Phone,http://elections.huffingtonpost.com/pollster/polls/gravis-marketing-one-america-news-22497,http://www.oann.com/pollnational/,Sponsor,Rep,803,Clinton,55,Sanders,18,O'Malley,3
AA,Ipsos/Reuters,7/29/2015,2015-08-05 2000-01-01 00:43:28 UTC,Adults - Democrat,Internet,http://elections.huffingtonpost.com/pollster/polls/ipsos-reuters-22486,http://www.ipsos-na.com/news-polls/pressrelease.aspx?id=6928,Nonpartisan,None,505,Clinton,58,Sanders,15,O'Malley,1
AA,Emerson College Polling Society,7/28/2015,2015-08-11 2000-01-01 20:17:22 UTC,Likely Voters - Democrat,Automated Phone,http://elections.huffingtonpost.com/pollster/polls/emerson-college-polling-society-22537,http://media.wix.com/ugd/3bebb2_6f8188f5b1ac4e45bd6a2bd76268e55a.pdf,Nonpartisan,None,481,Clinton,54,Sanders,33,O'Malley,2
AA,Quinnipiac,7/28/2015,2015-08-03 2000-01-01 00:50:33 UTC,Registered Voters - Democrat,Live Phone,http://elections.huffingtonpost.com/pollster/polls/quinnipiac-22459,http://www.quinnipiac.edu/news-and-events/quinnipiac-university-poll/national/release-detail?ReleaseID=2264,Nonpartisan,None,681,Clinton,55,Sanders,17,O'Malley,1
AA,CNN,7/25/2015,2015-07-27 2000-01-01 22:01:00 UTC,Likely Voters - Democrat,Live Phone,http://elections.huffingtonpost.com/pollster/polls/cnn-22434,http://www.cnn.com/2015/07/26/politics/cnn-orc-data/index.html,Nonpartisan,None,392,Clinton,56,Sanders,19,O'Malley,0
AA,PPP (D),7/21/2015,2015-07-23 2000-01-01 17:55:26 UTC,Likely Voters - Democrat,IVR/Online,http://elections.huffingtonpost.com/pollster/polls/ppp-d-22415,http://www.publicpolicypolling.com/pdf/2015/PPP_Release_National_72215.pdf,Pollster,Dem,496,Clinton,57,Sanders,22,O'Malley,2
AA,YouGov/Economist,7/20/2015,2015-07-24 2000-01-01 23:47:03 UTC,Registered Voters - Democrat,Internet,http://elections.huffingtonpost.com/pollster/polls/yougov-economist-22430,https://d25d2506sfb94s.cloudfront.net/cumulus_uploads/document/dvxmmch9lj/econTabReport2.pdf,Nonpartisan,None,320,Clinton,56,Sanders,18,O'Malley,0
AA,Morning Consult,7/20/2015,2015-07-21 2000-01-01 23:09:47 UTC,Registered Voters - Democrat,Internet,http://elections.huffingtonpost.com/pollster/polls/morning-consult-22405,http://big.assets.huffingtonpost.com/MCTOPLINE.pdf,Nonpartisan,None,882,Clinton,52,Sanders,16,O'Malley,0
AA,ABC/Post,7/19/2015,2015-07-21 2000-01-01 01:22:48 UTC,Registered Voters - Democrat,Live Phone,http://elections.huffingtonpost.com/pollster/polls/abc-post-22400,http://apps.washingtonpost.com/g/page/politics/washington-post-abc-news-poll-july-16-19-2015/1778/,Nonpartisan,None,357,Clinton,63,Sanders,14,O'Malley,1
AA,FOX,7/15/2015,2015-07-17 2000-01-01 02:36:39 UTC,Likely Voters - Democrat,Live Phone,http://elections.huffingtonpost.com/pollster/polls/fox-22386,http://www.foxnews.com/politics/interactive/2015/07/16/fox-news-poll-trust-in-iran-nearly-triples-among-democrats-clinton-nature-is-to/,Nonpartisan,None,316,Clinton,59,Sanders,19,O'Malley,1
AA,Lincoln Park Strategies (D),7/14/2015,2015-07-21 2000-01-01 19:25:50 UTC,Likely Voters - Democrat,Internet,http://elections.huffingtonpost.com/pollster/polls/lincoln-park-strategies-d-22402,http://www.lpstrategies.com/wp-content/uploads/2015/07/National-Omnibus-July-2015-MQ-for-Website.pdf,Nonpartisan,None,421,Clinton,63,Sanders,16,O'Malley,1
AA,Monmouth University,7/12/2015,2015-07-15 2000-01-01 18:02:33 UTC,Registered Voters - Democrat,Live Phone,http://elections.huffingtonpost.com/pollster/polls/monmouth-university-22377,http://www.monmouth.edu/assets/0/32212254770/32212254991/32212254992/32212254994/32212254995/30064771087/947b4d56-8c7b-4dd4-a2e3-d36b1c78d231.pdf,Nonpartisan,None,357,Clinton,51,Sanders,17,O'Malley,1
AA,Suffolk/USA Today,7/12/2015,2015-07-16 2000-01-01 00:19:28 UTC,Likely Voters - Democrat,Live Phone,http://elections.huffingtonpost.com/pollster/polls/suffolk-usa-today-22380,http://www.suffolk.edu/documents/SUPRC/7_15_2015_marginals.pdf,Nonpartisan,None,434,Clinton,59,Sanders,14,O'Malley,0
AA,YouGov/Economist,7/6/2015,2015-07-10 2000-01-01 01:26:41 UTC,Registered Voters - Democrat,Internet,http://elections.huffingtonpost.com/pollster/polls/yougov-economist-22360,https://today.yougov.com/news/2015/07/09/gop-frontrunner-donald-trump/,Nonpartisan,None,309,Clinton,55,Sanders,24,O'Malley,0
AA,YouGov/Economist,6/29/2015,2015-07-08 2000-01-01 22:58:40 UTC,Registered Voters - Democrat,Internet,http://elections.huffingtonpost.com/pollster/polls/yougov-economist-22352,https://d25d2506sfb94s.cloudfront.net/cumulus_uploads/document/enwytihwse/econTabReport.pdf,Nonpartisan,None,348,Clinton,59,Sanders,19,O'Malley,2
AA,CNN,6/28/2015,2015-07-01 2000-01-01 18:33:34 UTC,Likely Voters - Democrat,Live Phone,http://elections.huffingtonpost.com/pollster/polls/cnn-22330,http://i2.cdn.turner.com/cnn/2015/images/06/30/trumpbushclinton.pdf,Nonpartisan,None,490,Clinton,58,Sanders,15,O'Malley,1
AA,FOX,6/23/2015,2015-06-25 2000-01-01 19:39:57 UTC,Registered Voters - Democrat,Live Phone,http://elections.huffingtonpost.com/pollster/polls/fox-22300,http://www.foxnews.com/politics/interactive/2015/06/24/0624152016iranweb/,Nonpartisan,None,375,Clinton,61,Sanders,15,O'Malley,1
AA,YouGov/Economist,6/22/2015,2015-06-25 2000-01-01 23:20:39 UTC,Registered Voters - Democrat,Internet,http://elections.huffingtonpost.com/pollster/polls/yougov-economist-22306,https://d25d2506sfb94s.cloudfront.net/cumulus_uploads/document/iay0mr88pc/econTabReport.pdf,Nonpartisan,None,311,Clinton,55,Sanders,18,O'Malley,2
AA,NBC/WSJ,6/18/2015,2015-06-23 2000-01-01 00:24:58 UTC,Likely Voters - Democrat,Live Phone,http://elections.huffingtonpost.com/pollster/polls/nbc-wsj-22284,http://online.wsj.com/public/resources/documents/WSJNBCpoll06222015.pdf,Nonpartisan,None,247,Clinton,75,Sanders,15,O'Malley,2
AA,YouGov/Economist,6/15/2015,2015-06-19 2000-01-01 19:38:31 UTC,Registered Voters - Democrat,Internet,http://elections.huffingtonpost.com/pollster/polls/yougov-economist-22276,https://d25d2506sfb94s.cloudfront.net/cumulus_uploads/document/ttjqflfkfd/econTabReport.pdf,Nonpartisan,None,312,Clinton,62,Sanders,16,O'Malley,1
AA,Monmouth University,6/14/2015,2015-06-16 2000-01-01 17:48:00 UTC,Registered Voters - Democrat,Live Phone,http://elections.huffingtonpost.com/pollster/polls/monmouth-university-22255,http://www.monmouth.edu/assets/0/32212254770/32212254991/32212254992/32212254994/32212254995/30064771087/d4823715-88e1-49f5-bd3d-f82581d0c338.pdf,Nonpartisan,None,350,Clinton,57,Sanders,12,O'Malley,1
AA,PPP (D),6/14/2015,2015-06-17 2000-01-01 18:33:48 UTC,Likely Voters - Democrat,IVR/Online,http://elections.huffingtonpost.com/pollster/polls/ppp-d-22258,http://www.publicpolicypolling.com/pdf/2015/PPP_Release_National_61615.pdf,Pollster,Dem,471,Clinton,65,Sanders,9,O'Malley,5
AA,YouGov/Economist,6/8/2015,2015-06-15 2000-01-01 20:31:52 UTC,Registered Voters - Democrat,Internet,http://elections.huffingtonpost.com/pollster/polls/yougov-economist-22247,https://d25d2506sfb94s.cloudfront.net/cumulus_uploads/document/uxmx78ih3n/econTabReport.pdf,Nonpartisan,None,327,Clinton,57,Sanders,11,O'Malley,1
AA,FOX,6/2/2015,2015-06-04 2000-01-01 19:00:34 UTC,Registered Voters - Democrat,Live Phone,http://elections.huffingtonpost.com/pollster/polls/fox-22210,http://www.foxnews.com/politics/interactive/2015/06/11/fox-news-poll-summer-vacation-and-2016-presidential-candidates-88883845/,Nonpartisan,None,395,Clinton,57,Sanders,11,O'Malley,4
AA,YouGov/Economist,6/1/2015,2015-06-05 2000-01-01 22:05:57 UTC,Registered Voters - Democrat,Internet,http://elections.huffingtonpost.com/pollster/polls/yougov-economist-22218,https://d25d2506sfb94s.cloudfront.net/cumulus_uploads/document/whzwibgmkd/econTabReport.pdf,Nonpartisan,None,327,Clinton,61,Sanders,11,O'Malley,2
AA,CNN,5/31/2015,2015-06-02 2000-01-01 20:14:56 UTC,Adults - Democrat,Live Phone,http://elections.huffingtonpost.com/pollster/polls/cnn-22199,http://i2.cdn.turner.com/cnn/2015/images/06/01/2016.poll.pdf,Nonpartisan,None,433,Clinton,60,Sanders,10,O'Malley,1
AA,ABC/Post,5/31/2015,2015-06-02 2000-01-01 20:49:13 UTC,Registered Voters - Democrat,Live Phone,http://elections.huffingtonpost.com/pollster/polls/abc-post-22200,http://apps.washingtonpost.com/g/page/politics/washington-post-abc-news-poll-may-28-31-2015/1718/,Nonpartisan,None,376,Clinton,62,Sanders,10,O'Malley,3
AA,Quinnipiac,5/26/2015,2015-05-28 2000-01-01 21:52:59 UTC,Registered Voters - Democrat,Live Phone,http://elections.huffingtonpost.com/pollster/polls/quinnipiac-22181,http://www.quinnipiac.edu/images/polling/us/us05282015_U32trdf.pdf,Nonpartisan,None,748,Clinton,57,Sanders,15,O'Malley,1
AA,YouGov/Economist,5/25/2015,2015-05-29 2000-01-01 01:14:54 UTC,Registered Voters - Democrat,Internet,http://elections.huffingtonpost.com/pollster/polls/yougov-economist-22188,https://d25d2506sfb94s.cloudfront.net/cumulus_uploads/document/olylop8wkh/econTabReport.pdf,Nonpartisan,None,309,Clinton,59,Sanders,17,O'Malley,3
AA,YouGov/Economist,5/18/2015,2015-05-21 2000-01-01 00:50:28 UTC,Registered Voters - Democrat,Internet,http://elections.huffingtonpost.com/pollster/polls/yougov-economist-22155,https://d25d2506sfb94s.cloudfront.net/cumulus_uploads/document/nm33fk7pqr/econTabReport.pdf,Nonpartisan,None,325,Clinton,60,Sanders,12,O'Malley,2
AA,Robert Morris University,5/16/2015,2015-06-04 2000-01-01 23:18:44 UTC,Adults - Democrat,Internet,http://elections.huffingtonpost.com/pollster/polls/robert-morris-university-22215,http://www.rmu.edu/News.aspx?id=1060,Nonpartisan,None,312,Clinton,56,Sanders,5,O'Malley,1
AA,FOX,5/12/2015,2015-05-14 2000-01-01 19:14:57 UTC,Registered Voters - Democrat,Live Phone,http://elections.huffingtonpost.com/pollster/polls/fox-22132,http://www.foxnews.com/politics/interactive/2015/05/13/fox-news-polls-huckabee-seen-as-more-ethical-than-most-clintons-favorable-slips/,Nonpartisan,None,370,Clinton,63,Sanders,6,O'Malley,0
AA,YouGov/Economist,5/11/2015,2015-05-18 2000-01-01 19:00:58 UTC,Registered Voters - Democrat,Internet,http://elections.huffingtonpost.com/pollster/polls/yougov-economist-22145,https://d25d2506sfb94s.cloudfront.net/cumulus_uploads/document/ihh96gmssm/econTabReport.pdf,Nonpartisan,None,314,Clinton,64,Sanders,16,O'Malley,0
AA,PPP (D),5/10/2015,2015-05-13 2000-01-01 20:59:19 UTC,Likely Voters - Democrat,IVR/Online,http://elections.huffingtonpost.com/pollster/polls/ppp-d-22128,http://www.publicpolicypolling.com/pdf/2015/PPP_Release_National_51315.pdf,Pollster,Dem,600,Clinton,63,Sanders,13,O'Malley,2
AA,YouGov/Economist,5/4/2015,2015-05-07 2000-01-01 02:08:35 UTC,Registered Voters - Democrat,Internet,http://elections.huffingtonpost.com/pollster/polls/yougov-economist-22109,https://d25d2506sfb94s.cloudfront.net/cumulus_uploads/document/bjly8n5o7b/econToplines.pdf,Nonpartisan,None,329,Clinton,58,Sanders,17,O'Malley,2
AA,YouGov/Economist,4/27/2015,2015-05-01 2000-01-01 23:25:02 UTC,Registered Voters - Democrat,Internet,http://elections.huffingtonpost.com/pollster/polls/yougov-economist-22090,https://d25d2506sfb94s.cloudfront.net/cumulus_uploads/document/1i8b982g6q/econToplines.pdf,Nonpartisan,None,329,Clinton,59,Sanders,10,O'Malley,2
AA,FOX,4/21/2015,2015-04-24 2000-01-01 16:40:24 UTC,Registered Voters - Democrat,Live Phone,http://elections.huffingtonpost.com/pollster/polls/fox-22059,http://www.foxnews.com/politics/interactive/2015/04/23/fox-news-poll-042315/,Nonpartisan,None,388,Clinton,62,Sanders,4,O'Malley,1
AA,Quinnipiac,4/21/2015,2015-04-23 2000-01-01 18:55:11 UTC,Registered Voters - Democrat,Live Phone,http://elections.huffingtonpost.com/pollster/polls/quinnipiac-22054,http://www.quinnipiac.edu/images/polling/us/us04232015_Uknh62d.pdf,Nonpartisan,None,569,Clinton,60,Sanders,8,O'Malley,3
AA,YouGov/Economist,4/20/2015,2015-04-23 2000-01-01 20:19:36 UTC,Registered Voters - Democrat,Internet,http://elections.huffingtonpost.com/pollster/polls/yougov-economist-22055,https://d25d2506sfb94s.cloudfront.net/cumulus_uploads/document/3nogobkv8t/econToplines.pdf,Nonpartisan,None,336,Clinton,65,Sanders,8,O'Malley,2
AA,CNN,4/19/2015,2015-04-20 2000-01-01 18:02:18 UTC,Adults - Democrat,Live Phone,http://elections.huffingtonpost.com/pollster/polls/cnn-22036,http://i2.cdn.turner.com/cnn/2015/images/04/20/cnnorc2016poll04202015.pdf,Nonpartisan,None,458,Clinton,69,Sanders,5,O'Malley,1
AA,YouGov/Economist,4/13/2015,2015-04-16 2000-01-01 00:21:33 UTC,Registered Voters - Democrat,Internet,http://elections.huffingtonpost.com/pollster/polls/yougov-economist-22021,https://d25d2506sfb94s.cloudfront.net/cumulus_uploads/document/22yxwjir5z/econToplines.pdf,Nonpartisan,None,319,Clinton,71,Sanders,7,O'Malley,1
AA,Monmouth University,4/2/2015,2015-04-07 2000-01-01 18:45:22 UTC,Registered Voters - Democrat,Live Phone,http://elections.huffingtonpost.com/pollster/polls/monmouth-university-21981,http://cms.monmouth.edu/assets/0/32212254770/32212254991/32212254992/32212254994/32212254995/30064771087/aa9cd63f-ee58-4b2d-bcad-81b1c91d6a0c.pdf,Nonpartisan,None,356,Clinton,60,Sanders,7,O'Malley,2
AA,FOX,3/31/2015,2015-04-03 2000-01-01 21:16:49 UTC,Registered Voters - Democrat,Live Phone,http://elections.huffingtonpost.com/pollster/polls/fox-21968,http://www.foxnews.com/politics/interactive/2015/04/02/fox-news-poll-more-families-feel-worse-than-better-as-result-obamacare-walker/,Nonpartisan,None,397,Clinton,61,Sanders,3,O'Malley,2
AA,PPP (D),3/31/2015,2015-04-07 2000-01-01 19:48:07 UTC,Likely Voters - Democrat,IVR/Online,http://elections.huffingtonpost.com/pollster/polls/ppp-d-21983,http://www.publicpolicypolling.com/pdf/2015/PPP_Release_National_40715.pdf,Pollster,Dem,449,Clinton,54,Sanders,6,O'Malley,3
AA,ABC/Post,3/29/2015,2015-04-02 2000-01-01 21:14:39 UTC,Registered Voters - Democrat,Live Phone,http://elections.huffingtonpost.com/pollster/polls/abc-post-21963,http://www.washingtonpost.com/page/2010-2019/WashingtonPost/2015/04/02/National-Politics/Polling/release_393.xml,Nonpartisan,None,446,Clinton,66,Sanders,5,O'Malley,0
AA,YouGov/Economist,3/23/2015,2015-03-27 2000-01-01 20:44:33 UTC,Registered Voters - Democrat,Internet,http://elections.huffingtonpost.com/pollster/polls/yougov-economist-21931,https://d25d2506sfb94s.cloudfront.net/cumulus_uploads/document/onbotxemly/econToplines.pdf,Nonpartisan,None,345,Clinton,64,Sanders,7,O'Malley,3
AA,YouGov/Economist,3/16/2015,2015-03-24 2000-01-01 23:40:28 UTC,Registered Voters - Democrat,Internet,http://elections.huffingtonpost.com/pollster/polls/yougov-economist-21911,https://d25d2506sfb94s.cloudfront.net/cumulus_uploads/document/mfqsfo0scc/econToplines.pdf,Nonpartisan,None,321,Clinton,61,Sanders,9,O'Malley,2
AA,CNN,3/15/2015,2015-03-19 2000-01-01 00:55:37 UTC,Adults - Democrat,Live Phone,http://elections.huffingtonpost.com/pollster/polls/cnn-21887,http://i2.cdn.turner.com/cnn/2015/images/03/17/poll.2016.pdf,Nonpartisan,None,466,Clinton,62,Sanders,3,O'Malley,1
AA,YouGov/Economist,3/9/2015,2015-03-25 2000-01-01 19:51:35 UTC,Registered Voters - Democrat,Internet,http://elections.huffingtonpost.com/pollster/polls/yougov-economist-21914,https://d25d2506sfb94s.cloudfront.net/cumulus_uploads/document/w2usa9vt0b/econToplines%20(1).pdf,Nonpartisan,None,293,Clinton,59,Sanders,7,O'Malley,4
AA,McClatchy/Marist,3/4/2015,2015-03-09 2000-01-01 19:46:00 UTC,Adults - Democrat,Live Phone,http://elections.huffingtonpost.com/pollster/polls/mcclatchy-marist-21830,http://maristpoll.marist.edu/wp-content/misc/usapolls/us150301/2016/Complete%20March%202015%20McClatchy_Marist%20Poll_2016_Tables.pdf#page=4,Nonpartisan,None,462,Clinton,60,Sanders,5,O'Malley,1
AA,Quinnipiac,3/2/2015,2015-03-05 2000-01-01 21:56:04 UTC,Registered Voters - Democrat,Live Phone,http://elections.huffingtonpost.com/pollster/polls/quinnipiac-21821,http://www.quinnipiac.edu/news-and-events/quinnipiac-university-poll/national/release-detail?ReleaseID=2172,Nonpartisan,None,493,Clinton,56,Sanders,4,O'Malley,0
AA,YouGov/Economist,2/23/2015,2015-02-27 2000-01-01 01:55:05 UTC,Registered Voters - Democrat,Internet,http://elections.huffingtonpost.com/pollster/polls/yougov-economist-21792,https://d25d2506sfb94s.cloudfront.net/cumulus_uploads/document/2q8maq3vef/econToplines.pdf,Nonpartisan,None,309,Clinton,68,Sanders,8,O'Malley,0
AA,PPP (D),2/22/2015,2015-02-26 2000-01-01 03:01:42 UTC,Likely Voters - Democrat,IVR/Online,http://elections.huffingtonpost.com/pollster/polls/ppp-d-21784,http://www.publicpolicypolling.com/pdf/2015/PPP_Release_National_22515.pdf,Pollster,Dem,310,Clinton,54,Sanders,5,O'Malley,1
AA,CNN,2/15/2015,2015-02-18 2000-01-01 23:55:19 UTC,Adults,Live Phone,http://elections.huffingtonpost.com/pollster/polls/cnn-21748,http://i2.cdn.turner.com/cnn/2015/images/02/19/rel2d.2016[2].pdf,Nonpartisan,None,1027,Clinton,61,Sanders,3,O'Malley,1
AA,FOX,1/27/2015,2015-01-29 2000-01-01 20:42:15 UTC,Registered Voters - Democrat,Live Phone,http://elections.huffingtonpost.com/pollster/polls/fox-21658,http://www.foxnews.com/politics/interactive/2015/01/29/fox-news-poll-voters-believe-romney-clinton-remain-top-picks-for-2016-believe/,Nonpartisan,None,390,Clinton,55,Sanders,3,O'Malley,2
AA,PPP (D),1/25/2015,2015-01-30 2000-01-01 21:02:41 UTC,Likely Voters - Democrat,IVR/Online,http://elections.huffingtonpost.com/pollster/polls/ppp-d-21663,http://www.publicpolicypolling.com/pdf/2014/PPP_Release_National_13015.pdf,Pollster,Dem,386,Clinton,60,Sanders,2,O'Malley,1
AA,Rasmussen,1/19/2015,2015-01-27 2000-01-01 00:04:07 UTC,Likely Voters - Democrat,Automated Phone,http://elections.huffingtonpost.com/pollster/polls/rasmussen-21646,http://www.rasmussenreports.com/public_content/politics/general_politics/january_2015/clinton_vs_warren_and_the_winner_among_democrats_is,Nonpartisan,None,648,Clinton,59,Sanders,4,O'Malley,2
AA,YouGov/Economist,1/12/2015,2015-01-15 2000-01-01 00:35:02 UTC,Registered Voters - Democrat,Internet,http://elections.huffingtonpost.com/pollster/polls/yougov-economist-21599,http://d25d2506sfb94s.cloudfront.net/cumulus_uploads/document/jpkqpdm59t/econToplines.pdf,Nonpartisan,None,353,Clinton,61,Sanders,3,O'Malley,0
AA,CNN,12/21/2014,2015-01-08 2000-01-01 02:01:23 UTC,Adults - Democrat,Live Phone,http://elections.huffingtonpost.com/pollster/polls/cnn-21580,http://i2.cdn.turner.com/cnn/2014/images/12/24/poll2.pdf,Nonpartisan,None,469,Clinton,66,Sanders,3,O'Malley,1
AA,ABC/Post,12/14/2014,2014-12-17 2000-01-01 04:12:41 UTC,Registered Voters - Democrat,Live Phone,http://elections.huffingtonpost.com/pollster/polls/abc-post-21520,https://s3.amazonaws.com/s3.documentcloud.org/documents/1384634/2014-12-14-trend-for-release.pdf,Nonpartisan,None,346,Clinton,61,Sanders,4,O'Malley,0
AA,FOX,12/9/2014,2014-12-17 2000-01-01 04:31:55 UTC,Registered Voters - Democrat,Live Phone,http://elections.huffingtonpost.com/pollster/polls/fox-21521,http://www.foxnews.com/politics/interactive/2014/12/16/fox-news-poll-your-2016-presidential-election-fix/,Nonpartisan,None,409,Clinton,62,Sanders,3,O'Malley,1
AA,McClatchy/Marist,12/9/2014,2014-12-16 2000-01-01 22:23:42 UTC,Registered Voters - Democrat,Live Phone,http://elections.huffingtonpost.com/pollster/polls/mcclatchy-marist-21519,http://maristpoll.marist.edu/wp-content/misc/usapolls/us141203/2016/Complete%20December%202014%20McClatchy_Marist%20Poll_2016_Release%20and%20Tables.pdf,Nonpartisan,None,420,Clinton,62,Sanders,4,O'Malley,1
AA,CNN,11/23/2014,2014-12-03 2000-01-01 18:29:51 UTC,Adults - Democrat,Live Phone,http://elections.huffingtonpost.com/pollster/polls/cnn-21482,http://i2.cdn.turner.com/cnn/2014/images/12/02/cnnorcpoll12022014.pdf,Nonpartisan,None,457,Clinton,65,Sanders,5,O'Malley,0
AA,Quinnipiac,11/23/2014,2014-12-03 2000-01-01 17:55:56 UTC,Registered Voters - Democrat,Live Phone,http://elections.huffingtonpost.com/pollster/polls/quinnipiac-21481,http://www.quinnipiac.edu/news-and-events/quinnipiac-university-poll/national/release-detail?ReleaseID=2116,Nonpartisan,None,610,Clinton,57,Sanders,4,O'Malley,1
AA,ABC/Post,10/12/2014,2014-10-15 2000-01-01 11:45:34 UTC,Registered Voters - Democrat,Live Phone,http://elections.huffingtonpost.com/pollster/polls/abc-post-20885,http://www.washingtonpost.com/page/2010-2019/WashingtonPost/2014/10/15/National-Politics/Polling/release_367.xml,Nonpartisan,None,100,Clinton,64,Sanders,1,O'Malley,1
AA,FOX,7/22/2014,2014-07-29 2000-01-01 15:30:55 UTC,Registered Voters - Democrat,Live Phone,http://elections.huffingtonpost.com/pollster/polls/fox-19979,http://www.foxnews.com/politics/interactive/2014/07/28/fox-news-polls-midterm-elections-2016-presidential-matchups/,Nonpartisan,None,438,Clinton,64,Sanders,0,O'Malley,1
AA,CNN,7/20/2014,2014-07-28 2000-01-01 18:06:10 UTC,Adults - Democrat,Live Phone,http://elections.huffingtonpost.com/pollster/polls/cnn-19958,http://i2.cdn.turner.com/cnn/2014/images/07/27/cnn.orc.poll.pdf,Nonpartisan,None,449,Clinton,67,Sanders,0,O'Malley,2
AA,Quinnipiac,6/30/2014,2014-07-08 2000-01-01 15:18:21 UTC,Registered Voters - Democrat,Live Phone,http://elections.huffingtonpost.com/pollster/polls/quinnipiac-19810,http://www.quinnipiac.edu/news-and-events/quinnipiac-university-poll/national/release-detail?ReleaseID=2058,Nonpartisan,None,610,Clinton,58,Sanders,0,O'Malley,1
AA,ABC/Post,6/1/2014,2014-06-09 2000-01-01 15:16:55 UTC,Registered Voters - Democrat,Live Phone,http://elections.huffingtonpost.com/pollster/polls/abc-post-19614,http://www.washingtonpost.com/page/2010-2019/WashingtonPost/2014/06/08/National-Politics/Polling/release_352.xml,Nonpartisan,None,380,Clinton,66,Sanders,2,O'Malley,1
AA,FOX,4/15/2014,2014-04-17 2000-01-01 14:27:44 UTC,Registered Voters - Democrat,Live Phone,http://elections.huffingtonpost.com/pollster/polls/fox-19256,http://www.foxnews.com/politics/interactive/2014/04/21/fox-news-poll-independents-more-likely-to-back-anti-obamacare-candidates/,Nonpartisan,None,395,Clinton,69,Sanders,0,O'Malley,1
AA,Reason/Rupe,3/30/2014,2014-04-03 2000-01-01 15:31:19 UTC,Adults - Democrat,Live Phone,http://elections.huffingtonpost.com/pollster/polls/reason-rupe-19173,http://reason.com/assets/db/13964619214696.pdf,Nonpartisan,None,100,Clinton,64,Sanders,0,O'Malley,0
AA,CNN,3/9/2014,2014-03-19 2000-01-01 15:14:56 UTC,Adults - Democrat,Live Phone,http://elections.huffingtonpost.com/pollster/polls/cnn-19073,http://i2.cdn.turner.com/cnn/2014/images/03/17/rel4e.pdf,Nonpartisan,None,372,Clinton,64,Sanders,0,O'Malley,4
AA,PPP (D),3/9/2014,2014-03-14 2000-01-01 16:16:21 UTC,Likely Voters - Democrat,Automated Phone,http://elections.huffingtonpost.com/pollster/polls/ppp-d-19043,http://www.publicpolicypolling.com/pdf/2014/PPP_Release_National_314.pdf,Pollster,Dem,429,Clinton,66,Sanders,0,O'Malley,2
AA,PPP (D),1/26/2014,2014-01-29 2000-01-01 17:01:44 UTC,Likely Voters - Democrat,Automated Phone,http://elections.huffingtonpost.com/pollster/polls/ppp-d-18741,http://www.publicpolicypolling.com/pdf/2014/PPP_Release_National_129.pdf,Pollster,Dem,334,Clinton,67,Sanders,0,O'Malley,1
AA,ABC/Post,1/23/2014,2014-01-30 2000-01-01 16:35:35 UTC,Registered Voters - Democrat,Live Phone,http://elections.huffingtonpost.com/pollster/polls/abc-post-18754,http://www.washingtonpost.com/page/2010-2019/WashingtonPost/2014/01/30/National-Politics/Polling/release_290.xml,Nonpartisan,None,100,Clinton,73,Sanders,0,O'Malley,0
AA,Quinnipiac,1/19/2014,2014-01-21 2000-01-01 19:08:29 UTC,Registered Voters - Democrat,Live Phone,http://elections.huffingtonpost.com/pollster/polls/quinnipiac-18703,http://www.quinnipiac.edu/institutes-and-centers/polling-institute/national/release-detail?ReleaseID=1998,Nonpartisan,None,803,Clinton,65,Sanders,0,O'Malley,1
AA,FOX,12/16/2013,2013-12-18 2000-01-01 23:35:41 UTC,Registered Voters - Democrat,Live Phone,http://elections.huffingtonpost.com/pollster/polls/fox-18575,http://www.foxnews.com/politics/interactive/2013/12/26/fox-news-poll-clinton-christie-on-top-in-2016-preference-test/,Nonpartisan,None,412,Clinton,68,Sanders,0,O'Malley,1
AA,PPP (D),12/15/2013,2013-12-18 2000-01-01 19:09:04 UTC,Likely Voters - Democrat,Automated Phone,http://elections.huffingtonpost.com/pollster/polls/ppp-d-18568,http://www.publicpolicypolling.com/pdf/2013/PPP_Release_National_1218.pdf,Pollster,Dem,453,Clinton,66,Sanders,0,O'Malley,2
AA,Quinnipiac,12/9/2013,2013-12-11 2000-01-01 23:45:55 UTC,Registered Voters - Democrat,Live Phone,http://elections.huffingtonpost.com/pollster/polls/quinnipiac-18519,http://www.quinnipiac.edu/institutes-and-centers/polling-institute/national/release-detail?ReleaseID=1988,Nonpartisan,None,1095,Clinton,66,Sanders,0,O'Malley,0
AA,CNN,11/20/2013,2013-12-02 2000-01-01 23:40:55 UTC,Adults - Democrat,Live Phone,http://elections.huffingtonpost.com/pollster/polls/cnn-18475,http://i2.cdn.turner.com/cnn/2013/images/11/29/cnn.orc.poll.2016.pdf,Nonpartisan,None,374,Clinton,63,Sanders,0,O'Malley,2
AA,PPP (D),10/31/2013,2013-11-05 2000-01-01 19:40:43 UTC,Likely Voters - Democrat,Automated Phone,http://elections.huffingtonpost.com/pollster/polls/ppp-d-18368,http://www.publicpolicypolling.com/pdf/2013/PPP_Release_US_110513.pdf,Pollster,Dem,400,Clinton,67,Sanders,0,O'Malley,2
AA,YouGov/Economist,10/28/2013,2013-10-30 2000-01-01 22:37:44 UTC,Adults - Democrat,Internet,http://elections.huffingtonpost.com/pollster/polls/yougov-economist-18325,http://d25d2506sfb94s.cloudfront.net/cumulus_uploads/document/i4pkgb3edc/econToplines.pdf,Nonpartisan,None,381,Clinton,44,Sanders,0,O'Malley,3
AA,YouGov,10/1/2013,2013-12-13 2000-01-01 20:14:16 UTC,Adults - Democrat,Internet,http://elections.huffingtonpost.com/pollster/polls/yougov-18531,http://cdn.yougov.com/cumulus_uploads/document/ovdt4dpag0/tabs_OPI_2016primaries_20131002.pdf,Nonpartisan,None,341,Clinton,57,Sanders,0,O'Malley,1
AA,Quinnipiac,9/29/2013,2013-10-02 2000-01-01 17:17:47 UTC,Registered Voters - Democrat,Live Phone,http://elections.huffingtonpost.com/pollster/polls/quinnipiac-18116,http://www.quinnipiac.edu/institutes-and-centers/polling-institute/national/release-detail?ReleaseID=1959,Nonpartisan,None,692,Clinton,61,Sanders,0,O'Malley,0
AA,Rasmussen,9/17/2013,2013-09-19 2000-01-01 18:44:30 UTC,Likely Voters - Democrat,Automated Phone,http://elections.huffingtonpost.com/pollster/polls/rasmussen-17978,http://www.rasmussenreports.com/public_content/politics/elections/election_2016/2016_christie_r_39_biden_d_35,Nonpartisan,None,100,Clinton,77,Sanders,0,O'Malley,0
AA,CNN,9/8/2013,2013-09-16 2000-01-01 19:48:33 UTC,Adults - Democrat,Live Phone,http://elections.huffingtonpost.com/pollster/polls/cnn-17953,http://i2.cdn.turner.com/cnn/2013/images/09/16/2016poll.pdf,Nonpartisan,None,448,Clinton,65,Sanders,0,O'Malley,2
AA,Rasmussen,8/2/2013,2013-08-06 2000-01-01 15:18:47 UTC,Likely Voters - Democrat,Automated Phone,http://elections.huffingtonpost.com/pollster/polls/rasmussen-17777,http://www.rasmussenreports.com/public_content/politics/elections/election_2016/hillary_clinton_is_leading_favorite_and_unfavorite_in_democratic_presidential_pack,Nonpartisan,None,380,Clinton,63,Sanders,0,O'Malley,1
AA,PPP (D),7/21/2013,2013-07-26 2000-01-01 20:22:53 UTC,Likely Voters - Democrat,Automated Phone,http://elections.huffingtonpost.com/pollster/polls/ppp-d-17738,http://www.publicpolicypolling.com/pdf/2011/PPP_Release_National_725.pdf,Pollster,Dem,418,Clinton,52,Sanders,0,O'Malley,1
AA,YouGov/Economist,5/27/2013,2013-05-29 2000-01-01 17:09:41 UTC,Adults - Democrat,Internet,http://elections.huffingtonpost.com/pollster/polls/yougov-economist-17467,http://d25d2506sfb94s.cloudfront.net/cumulus_uploads/document/jec08kvfk5/20130525econToplines.pdf,Nonpartisan,None,403,Clinton,60,Sanders,0,O'Malley,3
AA,YouGov/Economist,5/20/2013,2013-05-22 2000-01-01 17:52:33 UTC,Adults - Democrat,Internet,http://elections.huffingtonpost.com/pollster/polls/yougov-economist-17431,http://cdn.yougov.com/cumulus_uploads/document/9iecol3fxz/20130520econToplines.pdf,Nonpartisan,None,407,Clinton,64,Sanders,0,O'Malley,0
AA,YouGov/Economist,5/13/2013,2013-05-15 2000-01-01 17:08:30 UTC,Adults - Democrat,Internet,http://elections.huffingtonpost.com/pollster/polls/yougov-economist-17400,http://cdn.yougov.com/cumulus_uploads/document/2r67v1kk13/20130513econToplines.pdf,Nonpartisan,None,398,Clinton,59,Sanders,0,O'Malley,1
AA,PPP (D),5/9/2013,2013-05-15 2000-01-01 16:18:48 UTC,Likely Voters - Democrat,Automated Phone,http://elections.huffingtonpost.com/pollster/polls/ppp-d-17399,http://www.publicpolicypolling.com/pdf/2011/PPP_Release_National_515Final.pdf,Pollster,Dem,589,Clinton,63,Sanders,0,O'Malley,2
AA,Quinnipiac,4/29/2013,2013-05-02 2000-01-01 14:28:06 UTC,Registered Voters - Democrat,Live Phone,http://elections.huffingtonpost.com/pollster/polls/quinnipiac-17336,http://www.quinnipiac.edu/institutes--centers/polling-institute/national/release-detail?ReleaseID=1891,Nonpartisan,None,650,Clinton,65,Sanders,0,O'Malley,1
AA,PPP (D),3/30/2013,2013-04-04 2000-01-01 16:22:12 UTC,Likely Voters - Democrat,Automated Phone,http://elections.huffingtonpost.com/pollster/polls/ppp-d-17222,http://www.publicpolicypolling.com/pdf/2011/PPP_Release_4313.pdf,Pollster,Dem,666,Clinton,64,Sanders,0,O'Malley,1
AA,PPP (D),2/3/2013,2013-02-07 2000-01-01 20:34:59 UTC,Likely Voters - Democrat,Automated Phone,http://elections.huffingtonpost.com/pollster/polls/ppp-d-16996,http://www.publicpolicypolling.com/pdf/2011/PPP_Release_National_207.pdf,Pollster,Dem,416,Clinton,58,Sanders,0,O'Malley,1
AA,PPP (D),2/3/2013,2014-03-24 2000-01-01 20:23:45 UTC,Likely Voters - Democrat,Automated Phone,http://elections.huffingtonpost.com/pollster/polls/ppp-d-19115,http://www.publicpolicypolling.com/pdf/2011/PPP_Release_National_207.pdf,Pollster,Dem,416,Clinton,58,Sanders,0,O'Malley,1
AA,YouGov/Economist,1/21/2013,2013-02-01 2000-01-01 18:34:41 UTC,Adults - Democrat,Internet,http://elections.huffingtonpost.com/pollster/polls/yougov-economist-16964,http://cdn.yougov.com/cumulus_uploads/document/d3ms2sphnu/20130119econTabReport.pdf,Nonpartisan,None,378,Clinton,44,Sanders,0,O'Malley,2
AA,YouGov/Economist,1/14/2013,2013-02-01 2000-01-01 17:14:07 UTC,Adults - Democrat,Internet,http://elections.huffingtonpost.com/pollster/polls/yougov-economist-16963,http://cdn.yougov.com/cumulus_uploads/document/h9rwppzi83/20130112_econTabReport.pdf,Nonpartisan,None,390,Clinton,48,Sanders,0,O'Malley,1
AA,PPP (D),1/6/2013,2013-01-08 2000-01-01 12:08:17 UTC,Likely Voters - Democrat,Automated Phone,http://elections.huffingtonpost.com/pollster/polls/ppp-d-16866,http://www.publicpolicypolling.com/pdf/2011/PPP_Release_National_011013.pdf,Pollster,Dem,400,Clinton,57,Sanders,0,O'Malley,3
AA,PPP (D),12/2/2012,2012-12-06 2000-01-01 16:31:37 UTC,Registered Voters - Democrat,Automated Phone,http://elections.huffingtonpost.com/pollster/polls/ppp-d-16784,http://www.publicpolicypolling.com/pdf/2011/PPP_Release_National_1206.pdf,Pollster,Dem,454,Clinton,61,Sanders,0,O'Malley,2